MLA,326659539,FERRETERIA JASPER,MLA752196932,MLA752196932,Jaula Trampa Rata Ratón Laucha 30x13x13cm Jasper Caballito,MLA417939,Trampas para Ratas,ARS136.14
MLA,326659539,FERRETERIA JASPER,MLA864990501,MLA864990501,Masilla Epoxi Parsecs 1 Kilo Bolsa  Artesano Jasper,MLA105406,Pegamentos,ARS177.26
MLA,326659539,FERRETERIA JASPER,MLA764926166,MLA764926166,Juego Calisuar Para Picos De Gas X 10 U Jasper Caballito,MLA372115,Mechas,ARS148.9
MLA,326659539,FERRETERIA JASPER,MLA807178404,MLA807178404,Cinta Doble Faz 3m Vhb Uso Interior 19 Mm X 5 Mts Jasper,MLA105436,Cintas Adhesivas,ARS130.46
MLA,326659539,FERRETERIA JASPER,MLA856112827,MLA856112827,Burlete Doble Bajo Puerta Gris Geko 95 Centimetros Jasper,MLA416677,Burletes,ARS141.1
MLA,326659539,FERRETERIA JASPER,MLA782873940,MLA782873940,Union Para Caño De Plomo Sin Soldar 1/2-1/2 Flotante Jasper,MLA431314,Acoples,ARS109.19
MLA,326659539,FERRETERIA JASPER,MLA898035122,MLA898035122,Cinta Montaje Doble Faz Scotch Mount 3m Exterior Jasper,MLA105436,Cintas Adhesivas,ARS95.01
MLA,326659539,FERRETERIA JASPER,MLA846219272,MLA846219272,Tornillo Vialro Negro Madera Aguja 6 X 5/8 Jasper,MLA372054,Tornillos,ARS49.92
MLA,326659539,FERRETERIA JASPER,MLA883651361,MLA883651361,Pala Plegable Broksol Con Punzon Y Funda  Jasper,MLA18390,Otros Accesorios,ARS191.44
MLA,326659539,FERRETERIA JASPER,MLA919410580,MLA919410580,Spot Embutir Led Philips Luz Cálida 2700k 5w Jasper,MLA1588,Lámparas de Techo,ARS120.54
MLA,326659539,FERRETERIA JASPER,MLA788237392,MLA788237392,Respuesto Absorbe Humedad Crivea Sec 350 Grs 15m3 Jasper,MLA127688,Limpiadores Multiuso,ARS45.38
MLA,326659539,FERRETERIA JASPER,MLA846078758,MLA846078758,Tornillo Vialro Fix Dorado Madera 4 X 30 Mm Jasper,MLA372054,Tornillos,ARS81.11
MLA,326659539,FERRETERIA JASPER,MLA846213452,MLA846213452,Tornillo Vialro Negro Madera Aguja 6 X 3/4 Jasper,MLA372054,Tornillos,ARS54.6
MLA,326659539,FERRETERIA JASPER,MLA750458173,MLA750458173,Masilla Epoxi Parsecs 500gr  Artesano Jasper Caballito,MLA105406,Pegamentos,ARS121.96
MLA,326659539,FERRETERIA JASPER,MLA820228646,MLA820228646,Juego De Pinzas Bruselas X 4 Precision Jasper Caballito,MLA412578,Pinzas de Punta,ARS49.63
MLA,326659539,FERRETERIA JASPER,MLA741938042,MLA741938042,Pinza Multiuso 4 Pulgadas X 4 Unidades Zeex Jasper Caballito,MLA412520,Otros,ARS155.99
MLA,326659539,FERRETERIA JASPER,MLA778447899,MLA778447899,Juego De 20 Calisuar Para Carburacion Jasper Caballito,MLA372115,Mechas,ARS425.43
MLA,326659539,FERRETERIA JASPER,MLA878139317,MLA878139317,Cadena Plastica Señalizacion Roja Blanca X 5 Metros Jasper,MLA416574,Cadenas de Seguridad,ARS127.63
MLA,326659539,FERRETERIA JASPER,MLA846214223,MLA846214223,Tornillo Vialro Negro Madera Aguja 6 X 2 1/4 Jasper,MLA372054,Tornillos,ARS118.55
MLA,326659539,FERRETERIA JASPER,MLA767843174,MLA767843174,Escuadra Metálica Plana Zeex 200 X 300 Mm X Unidad Jasper,MLA429734,Escuadras de Precisión,ARS63.81
MLA,326659539,FERRETERIA JASPER,MLA787053152,MLA787053152,Zapatilla Multitoma Richi 4 Tomas 1.5 Mts Jasper Caballito,MLA411421,Alargues,ARS109.19
MLA,326659539,FERRETERIA JASPER,MLA874156197,MLA874156197,Pala Plastica Jardin X 2 Unidades Jasper,MLA411910,Palas,ARS42.54
MLA,326659539,FERRETERIA JASPER,MLA807694594,MLA807694594,Cinta Doble Faz 3m Espuma Blanca 16mm X 5mts Interior Jasper,MLA105436,Cintas Adhesivas,ARS96.43
MLA,326659539,FERRETERIA JASPER,MLA846209447,MLA846209447,Tornillo Vialro Negro Madera Aguja 6 X 1   Jasper,MLA372054,Tornillos,ARS62.4
MLA,326659539,FERRETERIA JASPER,MLA764919957,MLA764919957,Juego Calisuar Largos Para Picos De Gas X 7u Jasper Cabalito,MLA372115,Mechas,ARS155.99
MLA,326659539,FERRETERIA JASPER,MLA846049965,MLA846049965,Tornillo Vialro Fix Dorado Madera 2.5 X 10 Mm Jasper,MLA372054,Tornillos,ARS32.76
MLA,326659539,FERRETERIA JASPER,MLA791455929,MLA791455929,Guante Moteado Reforzado Dogo X 6 Pares Jasper Caballito,MLA48877,Guantes,ARS144.64
MLA,326659539,FERRETERIA JASPER,MLA853025114,MLA853025114,Por 2 Jaulas Trampa Rata Ratón Laucha 30x13x13cm Jasper,MLA417939,Trampas para Ratas,ARS272.27
MLA,326659539,FERRETERIA JASPER,MLA856107637,MLA856107637,Burlete Goma Adhesivo Geko 6 Metros Modelo E Blanco Jasper,MLA416677,Burletes,ARS65.94
MLA,326659539,FERRETERIA JASPER,MLA769139626,MLA769139626,Cinta Camuflada Con Adhesivo Geko 5cm X 10 Mt Italy Jasper,MLA422401,Cintas Aisladoras,ARS144.64
MLA,326659539,FERRETERIA JASPER,MLA846079669,MLA846079669,Tornillo Vialro Fix Dorado Madera 4 X 40 Mm Jasper,MLA372054,Tornillos,ARS104.51
MLA,326659539,FERRETERIA JASPER,MLA846227455,MLA846227455,Tornillo Vialro Negro Madera Aguja 8 X 3    Jasper,MLA372054,Tornillos,ARS216.82
MLA,326659539,FERRETERIA JASPER,MLA846082187,MLA846082187,Tornillo Vialro Fix Dorado Madera 5 X 70 Mm Jasper,MLA372054,Tornillos,ARS265.18
MLA,326659539,FERRETERIA JASPER,MLA846084138,MLA846084138,Tornillo Vialro Fix Dorado Madera 5 X 90 Mm Jasper,MLA372054,Tornillos,ARS383.73
MLA,326659539,FERRETERIA JASPER,MLA741723110,MLA741723110,Flotante A Presion 1/2 Bronce Regulable P/tanque Agua Jasper,MLA30982,Otros,ARS225.48
MLA,326659539,FERRETERIA JASPER,MLA741938548,MLA741938548,Pinza Multiuso 6 Pulgadas X 2 Unidades Zeex Jasper Caballito,MLA412520,Otros,ARS120.54
MLA,326659539,FERRETERIA JASPER,MLA856107457,MLA856107457,Burlete Goma Adhesivo Geko 6 Metros Modelo P Blanco Jasper,MLA416677,Burletes,ARS65.94
MLA,326659539,FERRETERIA JASPER,MLA747778313,MLA747778313,Numeros De Golpe 3 Mm  25094 Tolsen  Jasper Caballito,MLA417020,Punzones,ARS70.9
MLA,326659539,FERRETERIA JASPER,MLA883646264,MLA883646264,Pala Plegable Para Camping C/ Funda Y Brujula Broksol Jasper,MLA18390,Otros Accesorios,ARS127.63
MLA,326659539,FERRETERIA JASPER,MLA846079602,MLA846079602,Tornillo Vialro Fix Dorado Madera 4 X 20 Mm Jasper,MLA372054,Tornillos,ARS63.96
MLA,326659539,FERRETERIA JASPER,MLA872514615,MLA872514615,Alicate Corte Diagonal Irimo 624-140 Mm Jasper,MLA30798,Alicates,ARS164.5
MLA,326659539,FERRETERIA JASPER,MLA752121168,MLA752121168,Suave Top Banda Fieltro Autoadhesivo 9cm X 50cm Jasper,MLA388817,Trapos y Paños de Limpieza,ARS79.41
MLA,326659539,FERRETERIA JASPER,MLA778013620,MLA778013620,Set Mecha Widia 3-4-5-6-8-10-12 Mm Fischer Francia Jasper,MLA372115,Mechas,ARS250.29
MLA,326659539,FERRETERIA JASPER,MLA846079998,MLA846079998,Tornillo Vialro Fix Dorado Madera 4.5 X 60 Mm Jasper,MLA372054,Tornillos,ARS187.19
MLA,326659539,FERRETERIA JASPER,MLA807688176,MLA807688176,Cinta Doble Faz 3m Espuma Blanca 48mm X 2mts Interior Jasper,MLA105436,Cintas Adhesivas,ARS110.61
MLA,326659539,FERRETERIA JASPER,MLA784476430,MLA784476430,Union Para Caño De Plomo Sin Soldar 3/4-3/4 Flotante Jasper,MLA431314,Acoples,ARS124.79
MLA,326659539,FERRETERIA JASPER,MLA846079094,MLA846079094,Tornillo Vialro Fix Dorado Madera 4.5 X 50 Mm Jasper,MLA372054,Tornillos,ARS146.63
MLA,326659539,FERRETERIA JASPER,MLA741723637,MLA741723637,Flotante A Presion 3/4 Bronce Fija P/tanque Agua Jasper,MLA30982,Otros,ARS251
MLA,326659539,FERRETERIA JASPER,MLA804083311,MLA804083311,Soporte Pantalla Tv Lcd Fijo Noga 26 A 65 Pulgadas Jasper,MLA41925,Soportes,ARS148.9
MLA,326659539,FERRETERIA JASPER,MLA757557391,MLA757557391,Bahco 223 Pico De Loro 8 Pulgadas Jasper Caballito,MLA412583,Pinzas Pico de Loro,ARS202.79
MLA,326659539,FERRETERIA JASPER,MLA846080687,MLA846080687,Tornillo Vialro Fix Dorado Madera 4.5 X 30 Mm Jasper,MLA372054,Tornillos,ARS101.39
MLA,326659539,FERRETERIA JASPER,MLA745143734,MLA745143734,Crema Adhesiva Epoxy Parsecs Blanca 150 Grs Jasper Caballito,MLA105406,Pegamentos,ARS120.54
MLA,326659539,FERRETERIA JASPER,MLA869737481,MLA869737481,Anteojos Seguridad Para Proteccion Transparente Libus Jasper,MLA393895,Anteojos y Antiparras,ARS31.2
MLA,326659539,FERRETERIA JASPER,MLA821001111,MLA821001111,Cepillo Acero Plano Eje Para Taladro 75 Mm Duroll Jasper,MLA417174,Cepillos Rotativos,ARS31.91
MLA,326659539,FERRETERIA JASPER,MLA741451617,MLA741451617,Caja De Inglete 29x7,5x5 Cm Algarrobo Anemi Jasper Caballito,MLA418080,Cajas de Ingletes,ARS168.75
MLA,326659539,FERRETERIA JASPER,MLA919143971,MLA919143971,Rodillo Saca Pelusas Tekbond 60hojas X 3 Unidades Jasper,MLA127693,Cepillos de Limpieza,ARS191.44
MLA,326659539,FERRETERIA JASPER,MLA870621424,MLA870621424,Pegado Total Multimaterial Fischer Cartucho Blanco Jasper,MLA105406,Pegamentos,ARS85.09
MLA,326659539,FERRETERIA JASPER,MLA846082217,MLA846082217,Tornillo Vialro Fix Dorado Madera 5 X 80 Mm Jasper,MLA372054,Tornillos,ARS335.38
MLA,326659539,FERRETERIA JASPER,MLA753887932,MLA753887932,Llana Flexible Lisa Yesero Santa Juana 12x25 Jasper  ,MLA429026,Llanas y Fratachos,ARS66.65
MLA,326659539,FERRETERIA JASPER,MLA846063729,MLA846063729,Tornillo Vialro Fix Dorado Madera 3 X 10 Mm Jasper,MLA372054,Tornillos,ARS32.76
MLA,326659539,FERRETERIA JASPER,MLA750474636,MLA750474636,Cinta Destapa Cañerias Acero El Abuelo 5 Mt Jasper Caballito,MLA31032,Sets de Accesorios,ARS197.11
MLA,326659539,FERRETERIA JASPER,MLA846077782,MLA846077782,Tornillo Vialro Fix Dorado Madera 3.5 X 25 Mm Jasper,MLA372054,Tornillos,ARS59.28
MLA,326659539,FERRETERIA JASPER,MLA751426857,MLA751426857,Dogo Nivel Torpedo 23cm Abs Alto Impacto Con Iman Jasper,MLA417709,Nivel de Burbujas,ARS39.71
MLA,326659539,FERRETERIA JASPER,MLA747403225,MLA747403225,Cinta Destapa Cañerias Acero El Abuelo 15mt Jasper Caballito,MLA31032,Sets de Accesorios,ARS445.28
MLA,326659539,FERRETERIA JASPER,MLA756086073,MLA756086073,Roldana Fundicion Albañil Ø 20 Cm C Gancho Jasper Caballito,MLA384754,Poleas,ARS226.89
MLA,326659539,FERRETERIA JASPER,MLA747403432,MLA747403432,Cinta Destapa Cañerías Acero El Abuelo 20mt Jasper Caballito,MLA31032,Sets de Accesorios,ARS560.14
MLA,326659539,FERRETERIA JASPER,MLA846073527,MLA846073527,Tornillo Vialro Fix Dorado Madera 3 X 25 Mm Jasper,MLA372054,Tornillos,ARS48.36
MLA,326659539,FERRETERIA JASPER,MLA762107578,MLA762107578,Sierra Punta Widia Madera Aluminio 115mm X 30dientes Jasper ,MLA372119,Discos de Corte,ARS65.23
MLA,326659539,FERRETERIA JASPER,MLA779433565,MLA779433565,Cinta Destapa Piletas Acero El Abuelo 10 Mt Jasper Caballito,MLA31032,Sets de Accesorios,ARS140.39
MLA,326659539,FERRETERIA JASPER,MLA807695624,MLA807695624,Cinta Doble Faz 3m Espuma Blanca 24mm X 5mts Interior Jasper,MLA105436,Cintas Adhesivas,ARS133.3
MLA,326659539,FERRETERIA JASPER,MLA846073491,MLA846073491,Tornillo Vialro Fix Dorado Madera 3 X 16 Mm Jasper,MLA372054,Tornillos,ARS39
MLA,326659539,FERRETERIA JASPER,MLA807683544,MLA807683544,Cinta Doble Faz 3m Espuma Blanca 48mm X 5mts Interior Jasper,MLA105436,Cintas Adhesivas,ARS255.26
MLA,326659539,FERRETERIA JASPER,MLA767832405,MLA767832405,Black Jack Pesca Tornillo Iman Telescópico 120-650mm  Jasper,MLA429230,Bandejas Imantadas,ARS69.49
MLA,326659539,FERRETERIA JASPER,MLA762120056,MLA762120056,Disco Diamantado Liso 115mm 21% Hh Vidrio Azulejo  Jasper,MLA372119,Discos de Corte,ARS53.89
MLA,326659539,FERRETERIA JASPER,MLA762128638,MLA762128638,Disco Diamantado Turbo 115mm 33% Hh Mosaico Marmol  Jasper,MLA372119,Discos de Corte,ARS92.18
MLA,326659539,FERRETERIA JASPER,MLA881406072,MLA881406072,Black Jack Mecha Copa Diamantada Vidrioymármol 30mm Jasper,MLA372115,Mechas,ARS110.61
MLA,326659539,FERRETERIA JASPER,MLA778619967,MLA778619967,Disco Muela Desbaste 115mm Duroll Hormigon Ceramica Jasper ,MLA372119,Discos de Corte,ARS439.61
MLA,326659539,FERRETERIA JASPER,MLA821011820,MLA821011820,Cepillo Acero P Taladro 30 Mm Descarbonizador Duroll Jasper,MLA417174,Cepillos Rotativos,ARS45.38
MLA,326659539,FERRETERIA JASPER,MLA846197310,MLA846197310,Tornillo Vialro Fix Dorado Madera 6 X 70 Mm Jasper,MLA372054,Tornillos,ARS383.73
MLA,326659539,FERRETERIA JASPER,MLA751429846,MLA751429846,Escuadra Magnetica 3 Pulgadas 11kg Dogo Soldador Jasper,MLA392338,Escuadras Magnéticas,ARS66.65
MLA,326659539,FERRETERIA JASPER,MLA807265380,MLA807265380,Pinza De Punta 6 Pulgadas Metz Aislada Jasper Caballito,MLA412578,Pinzas de Punta,ARS114.86
MLA,326659539,FERRETERIA JASPER,MLA762227148,MLA762227148,Disco Diamantado Liso 115mm Fino 72% Hh Porcelanato Jasper,MLA372119,Discos de Corte,ARS184.35
MLA,326659539,FERRETERIA JASPER,MLA846075386,MLA846075386,Tornillo Vialro Fix Dorado Madera 3 X 20 Mm Jasper,MLA372054,Tornillos,ARS42.12
MLA,326659539,FERRETERIA JASPER,MLA741899754,MLA741899754,Juego Mechas Copa Madera Zeex X 16 Piezas Jasper Caballito,MLA372115,Mechas,ARS361.61
MLA,326659539,FERRETERIA JASPER,MLA881403877,MLA881403877,Black Jack Mecha Copa Diamantada Vidrioymármol 20mm Jasper,MLA372115,Mechas,ARS92.18
MLA,326659539,FERRETERIA JASPER,MLA872515824,MLA872515824,Pico De Loro 10 Pulgadas Irimo 634-250-1 Jasper,MLA412583,Pinzas Pico de Loro,ARS171.59
MLA,326659539,FERRETERIA JASPER,MLA781925563,MLA781925563,Punzon Recto 4mm El Abuelo Mango Recubierto Jasper Caballito,MLA414196,Cinceles y Formones,ARS46.8
MLA,326659539,FERRETERIA JASPER,MLA781925066,MLA781925066,Punzon Recto 2mm El Abuelo Mango Recubierto Jasper Caballito,MLA414196,Cinceles y Formones,ARS42.54
MLA,326659539,FERRETERIA JASPER,MLA804446740,MLA804446740,Cortahierro Ancho 9 Cms Con Proteccion Art Jasper Caballito,MLA414196,Cinceles y Formones,ARS181.51
MLA,326659539,FERRETERIA JASPER,MLA784580816,MLA784580816,Pinza Para Arandelas Seguros Seger Interior Exterior Jasper,MLA30798,Alicates,ARS160.24
MLA,326659539,FERRETERIA JASPER,MLA878607345,MLA878607345,Disco Removedor Y Pulido Fibra 115 Mm Pegaso Jasper ,MLA372119,Discos de Corte,ARS117.7
MLA,326659539,FERRETERIA JASPER,MLA748132977,MLA748132977,Black Jack Mecha Copa Diamantada Vidrioymármol 8mm Jasper,MLA372115,Mechas,ARS49.63
MLA,326659539,FERRETERIA JASPER,MLA762127156,MLA762127156,Disco Diamantado Turbo 115mm 21% Hh Marmoles Granito Jasper,MLA372119,Discos de Corte,ARS77.99
MLA,326659539,FERRETERIA JASPER,MLA881403761,MLA881403761,Black Jack Mecha Copa Diamantada Vidrioymármol 25mm Jasper,MLA372115,Mechas,ARS102.1
MLA,326659539,FERRETERIA JASPER,MLA863772052,MLA863772052,Cinta Pasacables Acero El Abuelo 10 Metros Jasper Caballito,MLA411422,Medidores,ARS103.52
MLA,326659539,FERRETERIA JASPER,MLA804445601,MLA804445601,Cortahierro Ancho 6 Cms Con Proteccion Art Jasper Caballito,MLA414196,Cinceles y Formones,ARS146.06
MLA,326659539,FERRETERIA JASPER,MLA762107821,MLA762107821,Sierra Punta Widia Madera Aluminio 115mm X 40dientes Jasper ,MLA372119,Discos de Corte,ARS82.25
MLA,326659539,FERRETERIA JASPER,MLA856106408,MLA856106408,Burlete Goma Adhesivo Geko 6 Metros Modelo P Marron Jasper,MLA416677,Burletes,ARS65.94
MLA,326659539,FERRETERIA JASPER,MLA807690766,MLA807690766,Cinta Doble Faz 3m Espuma Blanca 24mm X 2mts Interior Jasper,MLA105436,Cintas Adhesivas,ARS62.4
MLA,326659539,FERRETERIA JASPER,MLA821008765,MLA821008765,Cepillo Acero P Taladro 12 Mm Descarbonizador Duroll Jasper,MLA417174,Cepillos Rotativos,ARS24.11
MLA,326659539,FERRETERIA JASPER,MLA753240749,MLA753240749,Llave Ajustable Metz 6 Pulgadas Reforzada Jasper Caballito,MLA30831,Llaves,ARS117.7
MLA,326659539,FERRETERIA JASPER,MLA784609332,MLA784609332,Punto De Centrar El Abuelo Mango Recubierto Jasper Caballito,MLA414196,Cinceles y Formones,ARS51.05
MLA,326659539,FERRETERIA JASPER,MLA740715760,MLA740715760,Bahco Alicate Corte Lateral 2175-140 Mm Jasper Caballito,MLA30798,Alicates,ARS205.62
MLA,326659539,FERRETERIA JASPER,MLA753242453,MLA753242453,Llave Ajustable Metz 8 Pulgadas Reforzada Jasper Caballito,MLA30831,Llaves,ARS167.33
MLA,326659539,FERRETERIA JASPER,MLA846235759,MLA846235759,Tornillo Vialro Negro Metal Aguja T4 6 X 2 Jasper,MLA372054,Tornillos,ARS113.87
MLA,326659539,FERRETERIA JASPER,MLA872491740,MLA872491740,Tijera Poda 8 Curva Zeex Mango Forrado Jasper,MLA411912,Tijeras de Podar,ARS127.63
MLA,326659539,FERRETERIA JASPER,MLA872515370,MLA872515370,Alicate Corte Diagonal Irimo 624-160 Mm Jasper,MLA30798,Alicates,ARS188.61
MLA,326659539,FERRETERIA JASPER,MLA807689922,MLA807689922,Cinta Doble Faz 3m Espuma Blanca 16mm X 1mts Interior Jasper,MLA105436,Cintas Adhesivas,ARS32.62
MLA,326659539,FERRETERIA JASPER,MLA845928531,MLA845928531,Tornillo Tanque Aguja Zincado Azul Platil T1 8 X 3/4 Jasper,MLA372054,Tornillos,ARS95.01
MLA,326659539,FERRETERIA JASPER,MLA846082898,MLA846082898,Tornillo Vialro Fix Dorado Madera 5 X 35 Mm Jasper,MLA372054,Tornillos,ARS148.19
MLA,326659539,FERRETERIA JASPER,MLA775846970,MLA775846970,Punzon Conico El Abuelo 150mm Largo Mango Recubierto Jasper,MLA414196,Cinceles y Formones,ARS102.1
MLA,326659539,FERRETERIA JASPER,MLA767526083,MLA767526083,Llana Flexible Lisa Yesero Santa Juana 12x30  Jasper ,MLA429026,Llanas y Fratachos,ARS70.9
MLA,326659539,FERRETERIA JASPER,MLA846079618,MLA846079618,Tornillo Vialro Fix Dorado Madera 4 X 25 Mm Jasper,MLA372054,Tornillos,ARS71.76
MLA,326659539,FERRETERIA JASPER,MLA762227466,MLA762227466,Disco Diamantado Turbo 115mm Fino 72% Hh Porcelanato Jasper,MLA372119,Discos de Corte,ARS212.71
MLA,326659539,FERRETERIA JASPER,MLA821020430,MLA821020430,Cepillo Acero Para Taladro Copa 63 Mm Duroll Jasper,MLA417174,Cepillos Rotativos,ARS31.91
MLA,326659539,FERRETERIA JASPER,MLA787216184,MLA787216184,Llana Plastica Lisa Santa Juana Revestimiento 12x30 Jasper  ,MLA429026,Llanas y Fratachos,ARS82.25
MLA,326659539,FERRETERIA JASPER,MLA807688786,MLA807688786,Cinta Doble Faz 3m Espuma Blanca 48mm X 3mts Interior Jasper,MLA105436,Cintas Adhesivas,ARS160.24
MLA,326659539,FERRETERIA JASPER,MLA846059262,MLA846059262,Tornillo Vialro Fix Dorado Madera 2.5 X 20 Mm Jasper,MLA372054,Tornillos,ARS42.12
MLA,326659539,FERRETERIA JASPER,MLA754873673,MLA754873673,Boya Para Flotante De Presion 1 Pulgada Jasper Caballito,MLA30982,Otros,ARS45.38
MLA,326659539,FERRETERIA JASPER,MLA846078709,MLA846078709,Tornillo Vialro Fix Dorado Madera 4 X 16 Mm Jasper,MLA372054,Tornillos,ARS54.6
MLA,326659539,FERRETERIA JASPER,MLA821001689,MLA821001689,Cepillo Acero Plano Eje Para Taladro 50 Mm Duroll Jasper,MLA417174,Cepillos Rotativos,ARS28.36
MLA,326659539,FERRETERIA JASPER,MLA804080788,MLA804080788,Soporte Pantalla Tv Lcd Fijo Noga 14 A 42 Pulgadas Jasper,MLA41925,Soportes,ARS83.67
MLA,326659539,FERRETERIA JASPER,MLA787216037,MLA787216037,Llana Plastica Lisa Santa Juana Revestimiento 12x25 Jasper  ,MLA429026,Llanas y Fratachos,ARS77.99
MLA,326659539,FERRETERIA JASPER,MLA741706096,MLA741706096,Flotante A Presion 1/2 Bronce Fijo P/tanque De Agua Jasper,MLA30982,Otros,ARS198.53
MLA,326659539,FERRETERIA JASPER,MLA751431725,MLA751431725,Escuadra Magnetica 5 Pulgadas 34 Kg Dogo Soldador Jasper,MLA392338,Escuadras Magnéticas,ARS140.39
MLA,326659539,FERRETERIA JASPER,MLA762435480,MLA762435480,Martillo Bolita Labor 500 Grs Cabo Madera Jasper Caballito,MLA372003,Martillos,ARS106.36
MLA,326659539,FERRETERIA JASPER,MLA846082109,MLA846082109,Tornillo Vialro Fix Dorado Madera 5 X 50 Mm Jasper,MLA372054,Tornillos,ARS196.55
MLA,326659539,FERRETERIA JASPER,MLA753243702,MLA753243702,Pico De Loro Metz 10 Pulgadas Reforzada Jasper Caballito,MLA412583,Pinzas Pico de Loro,ARS211.29
MLA,326659539,FERRETERIA JASPER,MLA748143926,MLA748143926,Serrucho De Poda 150mm Durlock Black Jack Jasper Caballito,MLA48897,Serruchos,ARS107.77
MLA,326659539,FERRETERIA JASPER,MLA804560692,MLA804560692,Pinza De Fuerza 10 Pulgadas Regulable  Zeex Jasper Caballito,MLA412520,Otros,ARS177.26
MLA,326659539,FERRETERIA JASPER,MLA784592249,MLA784592249,Punzon Recto El Abuelo 5mm Mango Recubierto Jasper Caballito,MLA414196,Cinceles y Formones,ARS53.89
MLA,326659539,FERRETERIA JASPER,MLA864674090,MLA864674090,Pistola Aplicadora Para Cartucho Silicona Cromada Jasper,MLA455595,Aplicadores de Silicona,ARS63.81
MLA,326659539,FERRETERIA JASPER,MLA846080821,MLA846080821,Tornillo Vialro Fix Dorado Madera 4.5 X 45 Mm Jasper,MLA372054,Tornillos,ARS137.27
MLA,326659539,FERRETERIA JASPER,MLA754873490,MLA754873490,Boya Para Flotante De Presion 3/4 Pulgada Jasper Caballito,MLA30982,Otros,ARS42.54
MLA,326659539,FERRETERIA JASPER,MLA818950417,MLA818950417,Cinta Métrica Agrimensor Fibra 30 Metros Jasper Caballito,MLA413985,Cintas Métricas,ARS216.97
MLA,326659539,FERRETERIA JASPER,MLA805517286,MLA805517286,Espatula 100mm Goldblatt Durlock Construccion En Seco Jasper,MLA371991,Espátulas,ARS141.1
MLA,326659539,FERRETERIA JASPER,MLA846197925,MLA846197925,Tornillo Vialro Fix Dorado Madera 6 X 60 Mm Jasper,MLA372054,Tornillos,ARS335.38
MLA,326659539,FERRETERIA JASPER,MLA881402470,MLA881402470,Black Jack Mecha Copa Diamantada Vidrioymármol 15mm Jasper,MLA372115,Mechas,ARS55.31
MLA,326659539,FERRETERIA JASPER,MLA846219981,MLA846219981,Tornillo Vialro Negro Madera Aguja 8 X 1   Jasper,MLA372054,Tornillos,ARS84.23
MLA,326659539,FERRETERIA JASPER,MLA753244721,MLA753244721,Pinza Universal Metz 6 Pulgadas Reforzada Jasper Caballito,MLA412586,Pinzas Universales,ARS138.97
MLA,326659539,FERRETERIA JASPER,MLA846080433,MLA846080433,Tornillo Vialro Fix Dorado Madera 5 X 30 Mm Jasper,MLA372054,Tornillos,ARS134.15
MLA,326659539,FERRETERIA JASPER,MLA878093976,MLA878093976,Martillo Galponero Tramontina Cabo Madera Saca Clavos Jasper,MLA372003,Martillos,ARS163.08
MLA,326659539,FERRETERIA JASPER,MLA846080763,MLA846080763,Tornillo Vialro Fix Dorado Madera 4.5 X 40 Mm Jasper,MLA372054,Tornillos,ARS127.91
MLA,326659539,FERRETERIA JASPER,MLA750565339,MLA750565339,Marcador De Polvo Chocla Tira Lineas X 30m Black Jack Jasper,MLA30756,Otros,ARS116.28
MLA,326659539,FERRETERIA JASPER,MLA741727529,MLA741727529,Flotante A Presion 1  Bronce Fija P/tanque Agua Jasper,MLA30982,Otros,ARS307.72
MLA,326659539,FERRETERIA JASPER,MLA740622416,MLA740622416,Escuadra Magnetica 4 22kg Dogo Soldador Jasper Caballito,MLA392338,Escuadras Magnéticas,ARS89.34
MLA,326659539,FERRETERIA JASPER,MLA878182018,MLA878182018,Escuadra Acero Inox Con Base Aluminio 25 Cm Tolsen Jasper,MLA429734,Escuadras de Precisión,ARS170.17
MLA,326659539,FERRETERIA JASPER,MLA741942469,MLA741942469,Prensa G Profesional 3 Pulgadas 75mm Zeex Jasper Caballito,MLA412454,Prensas Sargento,ARS129.05
MLA,326659539,FERRETERIA JASPER,MLA753247568,MLA753247568,Set Mecha Irwin Madera 3-4-5-6-8-10 Mm Una De Cada Jasper,MLA372115,Mechas,ARS268.73
MLA,326659539,FERRETERIA JASPER,MLA781925339,MLA781925339,Punzon Recto 3mm El Abuelo Mango Recubierto Jasper Caballito,MLA414196,Cinceles y Formones,ARS43.96
MLA,326659539,FERRETERIA JASPER,MLA751399583,MLA751399583,Black Jack Juego De 3 Punzones Diferentes Jasper Caballito,MLA372053,Clavos,ARS85.09
MLA,326659539,FERRETERIA JASPER,MLA740293459,MLA740293459,Bahco Tenaza Carpintero 541d-150mm Jasper Caballito,MLA412605,Tenazas,ARS143.23
MLA,326659539,FERRETERIA JASPER,MLA804455357,MLA804455357,Pinza Crimpeadora Rj9 Rj11 Rj 45 + Pelacables B Jackjasper,MLA412520,Otros,ARS365.87
MLA,326659539,FERRETERIA JASPER,MLA846080611,MLA846080611,Tornillo Vialro Fix Dorado Madera 4.5 X 25 Mm Jasper,MLA372054,Tornillos,ARS92.03
MLA,326659539,FERRETERIA JASPER,MLA875822809,MLA875822809,Cinta Aisladora 3m 1550 20mt Temflex X5 Rollos Blanco Jasper,MLA422401,Cintas Aisladoras,ARS92.18
MLA,326659539,FERRETERIA JASPER,MLA783640135,MLA783640135,Espatula 75mm Goldblatt Durlock Construccion En Seco Jasper,MLA371991,Espátulas,ARS121.96
MLA,326659539,FERRETERIA JASPER,MLA846220045,MLA846220045,Tornillo Vialro Negro Madera Aguja 8 X 1 1/2 Jasper,MLA372054,Tornillos,ARS118.55
MLA,326659539,FERRETERIA JASPER,MLA741726851,MLA741726851,Flotante A Presion 3/4 Bronce Regulable P/tanque Agua Jasper,MLA30982,Otros,ARS277.94
MLA,326659539,FERRETERIA JASPER,MLA846074384,MLA846074384,Tornillo Vialro Fix Dorado Madera 3.5 X 20 Mm Jasper,MLA372054,Tornillos,ARS53.04
MLA,326659539,FERRETERIA JASPER,MLA851770356,MLA851770356,Cadena Cementada Seguridad Nº90 X 70 Cm Jasper Caballito,MLA420073,Cadenas de Seguridad,ARS294.96
MLA,326659539,FERRETERIA JASPER,MLA800736880,MLA800736880,Pinza Universal 180 Mm Irimo By Bahco Jasper Caballito,MLA412586,Pinzas Universales,ARS216.97
MLA,326659539,FERRETERIA JASPER,MLA820232578,MLA820232578,Tijera Pelacables Para Electricista Tolsen Jasper Caballito,MLA412577,Pinzas Pelacables,ARS141.81
MLA,326659539,FERRETERIA JASPER,MLA745271563,MLA745271563,Boquilla 25 Mm Termofusion Teflonada S3 Jasper Caballito,MLA322824,Termofusoras,ARS95.01
MLA,326659539,FERRETERIA JASPER,MLA745271748,MLA745271748,Boquilla 32 Mm Termofusion Teflonada S3 Jasper Caballito,MLA322824,Termofusoras,ARS113.45
MLA,326659539,FERRETERIA JASPER,MLA846078996,MLA846078996,Tornillo Vialro Fix Dorado Madera 4.5 X 35 Mm Jasper,MLA372054,Tornillos,ARS110.75
MLA,326659539,FERRETERIA JASPER,MLA864305648,MLA864305648,Plancha Bifera Hierro Para 2 Hornallas Con Tapa S3 Jasper,MLA78318,Biferas,ARS467.97
MLA,326659539,FERRETERIA JASPER,MLA762127767,MLA762127767,Disco Diamantado Liso 115mm 33% Hh Vidrio Azulejo  Jasper,MLA372119,Discos de Corte,ARS77.99
MLA,326659539,FERRETERIA JASPER,MLA875823879,MLA875823879,Cinta Aisladora 3m 1550 10 Mts X 10 Rollos Blanco Jasper,MLA422401,Cintas Aisladoras,ARS113.45
MLA,326659539,FERRETERIA JASPER,MLA762115562,MLA762115562,Disco Corte Magico Para Metales 115mm Max Rendimiento Jasper,MLA372119,Discos de Corte,ARS255.26
MLA,326659539,FERRETERIA JASPER,MLA741451350,MLA741451350,Caja De Inglete 35x7,5x5 Cm Algarrobo Anemi Jasper Caballito,MLA418080,Cajas de Ingletes,ARS197.11
MLA,326659539,FERRETERIA JASPER,MLA846197742,MLA846197742,Tornillo Vialro Fix Dorado Madera 6 X 50 Mm Jasper,MLA372054,Tornillos,ARS283.9
MLA,326659539,FERRETERIA JASPER,MLA741727929,MLA741727929,Flotante A Presión 1   Bronce Regulable P/tanque Agua Jasper,MLA30982,Otros,ARS334.67
MLA,326659539,FERRETERIA JASPER,MLA846084057,MLA846084057,Tornillo Vialro Fix Dorado Madera 5 X 60 Mm Jasper,MLA372054,Tornillos,ARS233.98
MLA,326659539,FERRETERIA JASPER,MLA797076389,MLA797076389,Pinza De Punta Rosario 6 Pulgadas Metz  Jasper Caballito,MLA412578,Pinzas de Punta,ARS114.86
MLA,326659539,FERRETERIA JASPER,MLA753242184,MLA753242184,Llave Ajustable Metz 10 Pulgadas Reforzada Jasper Caballito,MLA30831,Llaves,ARS216.97
MLA,326659539,FERRETERIA JASPER,MLA828116194,MLA828116194,Pinza De Punta Rosario 4.5 Pulgadas Metz  Jasper Caballito,MLA412578,Pinzas de Punta,ARS99.27
MLA,326659539,FERRETERIA JASPER,MLA846227398,MLA846227398,Tornillo Vialro Negro Madera Aguja 8 X 2   Jasper,MLA372054,Tornillos,ARS148.19
MLA,326659539,FERRETERIA JASPER,MLA846078929,MLA846078929,Tornillo Vialro Fix Dorado Madera 4.5 X 20 Mm Jasper,MLA372054,Tornillos,ARS79.55
MLA,326659539,FERRETERIA JASPER,MLA782112374,MLA782112374,Pinza De Punta Curva Irimo 200mm  Jasper Caballito,MLA412578,Pinzas de Punta,ARS230.44
MLA,326659539,FERRETERIA JASPER,MLA807686380,MLA807686380,Cinta Doble Faz 3m Espuma Blanca 48mm X 1mt Interior Jasper,MLA105436,Cintas Adhesivas,ARS65.23
MLA,326659539,FERRETERIA JASPER,MLA919409146,MLA919409146,Spot Embutir Led Philips Blanco Neutro 4000k 5w Jasper,MLA1588,Lámparas de Techo,ARS120.54
MLA,326659539,FERRETERIA JASPER,MLA884068480,MLA884068480,Mascarilla Respirador 8511 C Valvula X 3 Unidades Jasper,MLA420242,Máscaras de Respiración,ARS276.53
MLA,326659539,FERRETERIA JASPER,MLA804529743,MLA804529743,Pinza Pelacable Automatica Hasta 2.5  Black Jack B168 Jasper,MLA412577,Pinzas Pelacables,ARS150.32
MLA,326659539,FERRETERIA JASPER,MLA845908140,MLA845908140,Tornillo Tanque Mecha Zincado Azul Platil T1 8x1 Jasper,MLA372054,Tornillos,ARS134.15
MLA,326659539,FERRETERIA JASPER,MLA820233193,MLA820233193,Cortahierro Ancho 2 Cms Con Proteccion Art Jasper Caballito,MLA414196,Cinceles y Formones,ARS107.77
MLA,326659539,FERRETERIA JASPER,MLA783639600,MLA783639600,Espatula 40mm Goldblatt Durlock Construccion En Seco Jasper,MLA371991,Espátulas,ARS97.85
MLA,326659539,FERRETERIA JASPER,MLA821009316,MLA821009316,Cepillo Acero P Taladro 16 Mm Descarbonizador Duroll Jasper,MLA417174,Cepillos Rotativos,ARS28.36
MLA,326659539,FERRETERIA JASPER,MLA846083072,MLA846083072,Tornillo Vialro Fix Dorado Madera 5 X 40 Mm Jasper,MLA372054,Tornillos,ARS168.47
MLA,326659539,FERRETERIA JASPER,MLA762093834,MLA762093834,Sierra Punta Widia Madera Aluminio 115mm X 24dientes Jasper ,MLA372119,Discos de Corte,ARS53.89
MLA,326659539,FERRETERIA JASPER,MLA898036432,MLA898036432,Cutter Metalico Con Traba A Rueda 18mm Dorf Jasper,MLA413474,Cutters,ARS69.49
MLA,326659539,FERRETERIA JASPER,MLA846232266,MLA846232266,Tornillo Vialro Negro Metal Aguja T2 6 X 1 Jasper,MLA372054,Tornillos,ARS67.08
MLA,326659539,FERRETERIA JASPER,MLA845692605,MLA845692605,Tornillo Tanque Mecha Zincado Azul Platil T1 8x3/4 Jasper,MLA372054,Tornillos,ARS118.55
MLA,326659539,FERRETERIA JASPER,MLA845927281,MLA845927281,Tornillo Tanque Aguja Zincado Azul Platil T1 8x1/2 Jasper,MLA372054,Tornillos,ARS85.79
MLA,326659539,FERRETERIA JASPER,MLA761604230,MLA761604230,Soplete Techista Aligas Con Manguera P Garrafa 10k  Jasper,MLA371997,Sopletes,ARS233.98
MLA,326659539,FERRETERIA JASPER,MLA754873246,MLA754873246,Boya Para Flotante De Presion 1/2 Pulgada Jasper Caballito,MLA30982,Otros,ARS35.45
MLA,326659539,FERRETERIA JASPER,MLA846235704,MLA846235704,Tornillo Vialro Negro Metal Aguja T4 6 X 2 1/4 Jasper,MLA372054,Tornillos,ARS124.79
MLA,326659539,FERRETERIA JASPER,MLA767697782,MLA767697782,Black Jack Mecha Copa Diamantada Vidrioymármol 12mm Jasper,MLA372115,Mechas,ARS49.63
MLA,326659539,FERRETERIA JASPER,MLA878176855,MLA878176855,Pinza Pelacable Automatica Prensa Terminal Duroll Jasper,MLA412577,Pinzas Pelacables,ARS311.98
MLA,326659539,FERRETERIA JASPER,MLA748149812,MLA748149812,Pesca Tornillo Imantado Flexible 60cm Black Jack Jasper,MLA429230,Bandejas Imantadas,ARS146.06
MLA,326659539,FERRETERIA JASPER,MLA807697334,MLA807697334,Cinta Doble Faz 3m Espuma Blanca 24mm X 3mts Interior Jasper,MLA105436,Cintas Adhesivas,ARS86.5
MLA,326659539,FERRETERIA JASPER,MLA750363704,MLA750363704,Tijera Corta Tubo Profesional Tawak Apto Sigas Termof Jasper,MLA414156,Tijeras Cortatubos,ARS276.53
MLA,326659539,FERRETERIA JASPER,MLA740723719,MLA740723719,Pinza De Punta 160mm Bahco 2470g Aislada Jasper Caballito,MLA412578,Pinzas de Punta,ARS232.57
MLA,326659539,FERRETERIA JASPER,MLA741901334,MLA741901334,Juego Mechas Copa Madera Zeex X 11 Piezas Jasper Caballito,MLA372115,Mechas,ARS184.35
MLA,326659539,FERRETERIA JASPER,MLA845917625,MLA845917625,Tornillo Tanque Mecha Zincado Azul Platil T1 8x1 1/2 Jasper,MLA372054,Tornillos,ARS179.39
MLA,326659539,FERRETERIA JASPER,MLA741504174,MLA741504174,Cadena Cementada Seguridad Nº50 X 100 Cm Jasper Caballito,MLA416574,Cadenas de Seguridad,ARS134.72
MLA,326659539,FERRETERIA JASPER,MLA750625142,MLA750625142,Falsa Escuadra Regulable Tolsen 250mm Jasper Caballito,MLA429734,Escuadras de Precisión,ARS56.72
MLA,326659539,FERRETERIA JASPER,MLA762126517,MLA762126517,Disco Diamantado Laser 115mm 21% Hh Baldosa Cemento Jasper,MLA372119,Discos de Corte,ARS60.98
MLA,326659539,FERRETERIA JASPER,MLA845917181,MLA845917181,Tornillo Tanque Mecha Zincado Azul Platil T1 8x1 1/4 Jasper,MLA372054,Tornillos,ARS152.87
MLA,326659539,FERRETERIA JASPER,MLA741943619,MLA741943619,Prensa G Profesional 4 Pulgadas 100mm Zeex Jasper Caballito,MLA412454,Prensas Sargento,ARS197.11
MLA,326659539,FERRETERIA JASPER,MLA750565804,MLA750565804,Black Jack Destornillador Múltiple 10 En 1 Con Crique Jasper,MLA372030,Sets de Destornilladores,ARS100.68
MLA,326659539,FERRETERIA JASPER,MLA757668483,MLA757668483,Irimo Destornillador Largo Crique + Puntas Jasper Caballito,MLA372030,Sets de Destornilladores,ARS276.53
MLA,326659539,FERRETERIA JASPER,MLA775843393,MLA775843393,Cortahierro El Abuelo 10mm X 150mm Mango Recubierto Jasper,MLA414196,Cinceles y Formones,ARS60.98
MLA,326659539,FERRETERIA JASPER,MLA846227793,MLA846227793,Tornillo Vialro Negro Madera Aguja 8 X 2 1/2 Jasper,MLA372054,Tornillos,ARS184.07
MLA,326659539,FERRETERIA JASPER,MLA800729474,MLA800729474,Pinza Universal 160 Mm Irimo By Bahco Jasper Caballito,MLA412586,Pinzas Universales,ARS207.04
MLA,326659539,FERRETERIA JASPER,MLA762113273,MLA762113273,Reemplazo Sierra Widia Termita 115mm Madera Con Clavo Jasper,MLA372119,Discos de Corte,ARS170.17
MLA,326659539,FERRETERIA JASPER,MLA800738536,MLA800738536,Pinza De Punta 160mm Irimo By Bahco Jasper Caballito,MLA412578,Pinzas de Punta,ARS190.02
MLA,326659539,FERRETERIA JASPER,MLA753241695,MLA753241695,Llave Ajustable Metz 12 Pulgadas Reforzada Jasper Caballito,MLA30831,Llaves,ARS326.16
MLA,326659539,FERRETERIA JASPER,MLA864684423,MLA864684423,Plato Masilla Goldblatt 330x330mm Aluminio Const Seco Jasper,MLA371991,Espátulas,ARS326.16
MLA,326659539,FERRETERIA JASPER,MLA804086388,MLA804086388,Soporte Pantalla Tv Lcd Fijo Noga 32 A 72 Pulgadas Jasper,MLA41925,Soportes,ARS184.35
MLA,326659539,FERRETERIA JASPER,MLA846234702,MLA846234702,Tornillo Vialro Negro Metal Aguja T4 6 X 2 1/2 Jasper,MLA372054,Tornillos,ARS140.39
MLA,326659539,FERRETERIA JASPER,MLA757496781,MLA757496781,Cuchillo Bahco 1446 C Funda Rigida Plastica Jasper Caballito,MLA416695,Navajas y Cuchillos,ARS152.44
MLA,326659539,FERRETERIA JASPER,MLA800739102,MLA800739102,Pinza De Punta 200 Mm Irimo By Bahco Jasper Caballito,MLA412578,Pinzas de Punta,ARS219.8
MLA,326659539,FERRETERIA JASPER,MLA898037774,MLA898037774,Barbijo 3m Mascarilla 9010 Plegable X 3 Unidades  Jasper,MLA420244,Barbijos Antipolvo,ARS148.9
MLA,326659539,FERRETERIA JASPER,MLA790902624,MLA790902624,Pack X 10 Unidades Lapiz Carpintero Bahco Jasper Caballito,MLA429735,Lápices,ARS113.45
MLA,326659539,FERRETERIA JASPER,MLA784103074,MLA784103074,Cinta Pasacables Acero El Abuelo 25 Metros Jasper Caballito,MLA411422,Medidores,ARS175.84
MLA,326659539,FERRETERIA JASPER,MLA898036835,MLA898036835,Barbijo 3m Mascarilla 9820 Plegable X 3 Unidades  Jasper,MLA420244,Barbijos Antipolvo,ARS106.36
MLA,326659539,FERRETERIA JASPER,MLA753239930,MLA753239930,Alicate Corte Oblicuo Metz 5 Pulgadas Jasper Caballito,MLA30798,Alicates,ARS85.09
MLA,326659539,FERRETERIA JASPER,MLA753240344,MLA753240344,Alicate Corte Oblicuo Metz 6 Pulgadas Jasper Caballito,MLA30798,Alicates,ARS120.54
MLA,326659539,FERRETERIA JASPER,MLA759060270,MLA759060270,Cinta Pasacables De Acero El Abuelo 15 Metros Jasper,MLA411422,Medidores,ARS124.79
MLA,326659539,FERRETERIA JASPER,MLA877269301,MLA877269301,Mascarilla 3m Mod 8720 X 3 Unidades Ferreteria Jasper,MLA420244,Barbijos Antipolvo,ARS212.71
